"District,Member,Party,Education,Assumed office,Residence,City Born,Year Born"
"Alabama 1,Rep Bradley Byrne (cropped).jpg,Republican,Alabama Senate,Duke University (BA),2014 (special),Fairhope,1955"
"Alabama 2,Martha roby 113 congressional portrait (cropped).jpg,Republican,""Montgomery, Alabama City Council"",New York University (BM),2011,Montgomery,1976"
"Alabama 3,Mike Rogers official photo (cropped).jpg,Republican,""Calhoun County, Alabama Commissioner"",""Jacksonville State University (BA, MPA)"",2003,Saks,1958"
"Alabama 4,Robert Aderholt official photo (cropped).jpg,Republican,""Haleyville, Alabama Municipal Judge"",University of North Alabama,1997,Haleyville,1965"
"Alabama 5,Mo Brooks Portrait (cropped).jpg,Republican,Alabama House of Representatives,Duke University (BA),2011,Huntsville,1954"
"Alabama 6,Gary Palmer official congressional photo (cropped).jpg,Republican,Policy analyst,University of Alabama (BS),2015,Hoover,1954"
"Alabama 7,Terri Sewell official photo (cropped).jpg,Democratic,Attorney,Princeton University (BA),2011,Birmingham,1965"
"Alaska at-large,""Don Young, official 115th Congress photo portrait (cropped).jpg"",Republican,Ship captain,Yuba College,1973 (special),Fort Yukon,1933"
"Arizona 1,Tom O'Halleran official portrait (cropped).jpg,Democratic,Arizona Senate,Lewis University,2017,Sedona,1946"
"Arizona 2,""Ann Kirkpatrick, official portrait, 116th Congress (cropped).jpg"",Democratic,""U.S. House, Arizona House of Representatives"",""University of Arizona (BA, JD)"",2019,Tucson,1950"
"Arizona 3,""Raul Grijalva Official Portrait, 2015 (cropped).jpg"",Democratic,""Pima County, Arizona Board of Supervisors"",University of Arizona (BA),2003,Tucson,1948"
"Arizona 4,Paul Gosar official portrait September 2016 (cropped).jpg,Republican,President of the Northern Arizona Dental Society,""Creighton University (BS, DDS)"",2011,Prescott,1958"
"Arizona 5,Andy Biggs official portrait (cropped).jpg,Republican,Arizona Senate,Brigham Young University (BA),2017,Gilbert,1958"
"Arizona 6,David Schweikert official portrait 116th Congress (cropped).jpg,Republican,Arizona House of Representatives,""Arizona State University, Tempe (BS, MBA)"",2011,Scottsdale,1962"
"Arizona 7,Ruben Gallego official photo (cropped).jpg,Democratic,Arizona House of Representatives,Harvard University (BA),2015,Phoenix,1979"
"Arizona 8,""Debbie Lesko, official portrait, 115th Congress.jpg"",Republican,Arizona House of Representatives,University of Wisconsin–Madison (BA),2018 (special),Peoria,1958"
"Arizona 9,""Greg Stanton, official portrait, 116th Congress (cropped).jpg"",Democratic,Mayor of Phoenix,Marquette University (BA),2019,Phoenix,1970"
"Arkansas 1,Rick Crawford 115th Congress (cropped).jpg,Republican,Broadcaster,Arkansas State University (BS),2011,Jonesboro,1966"
"Arkansas 2,French Hill official photo (cropped).jpg,Republican,Businessman,Vanderbilt University (BS),2015,Little Rock,1956"
"Arkansas 3,""Steve Womack, Official Portrait, 112th Congress - Hi Res (cropped).jpg"",Republican,""Mayor of Rogers, Arkansas"",Arkansas Tech University (BA),2011,Rogers,1957"
"Arkansas 4,""Bruce Westerman, 115th official photo (cropped).jpg"",Republican,Arkansas House of Representatives,University of Arkansas (BS),2015,Hot Springs,1967"
"California 1,Doug LaMalfa 113th Congress official photo (cropped).jpg,Republican,California State Senate,Butte College,2013,Richvale,1960"
"California 2,Jared Huffman official photo (cropped).png,Democratic,California State Assembly,""University of California, Santa Barbara (BA)"",2013,San Rafael,1964"
"California 3,John Garamendi official photo (cropped).jpg,Democratic,United States Deputy Secretary of the Interior,""University of California, Berkeley (BA)"",2009 (special),Walnut Grove,1945"
"California 4,""Tom McClintock, Official Portrait (cropped).JPG"",Republican,California Senate,""University of California, Los Angeles (BA)"",2009,Elk Grove,1956"
"California 5,""Mike Thompson, official portrait, 116th Congress (cropped).jpg"",Democratic,California State Senate,Napa Valley College,1999,St. Helena,1951"
"California 6,Doris Matsui Official Photo (cropped).JPG,Democratic,""Sacramento, California City Council"",""University of California, Berkeley (BA)"",2005 (special),Sacramento,1944"
"California 7,Ami Bera official portrait (cropped 2).jpg,Democratic,""Chief Medical Officer of Sacramento County, California"",""University of California, Irvine (BS, MD)"",2013,Elk Grove,1965"
"California 8,Paul Cook 113th Congress.jpg,Republican,California State Assembly,Southern Connecticut State University (BS),2013,Yucca Valley,1943"
"California 9,Jerry McNerney (2014) (cropped).jpg,Democratic,Engineering executive,United States Military Academy,2007,Stockton,1951"
"California 10,""Josh Harder, official portrait, 116th Congress (cropped).jpg"",Democratic,Venture capitalist,Stanford University (BA),2019,Turlock,1986"
"California 11,Mark DeSaulnier-1 (cropped).jpeg,Democratic,California State Senate,College of the Holy Cross (BA),2015,Concord,1952"
"California 12,Official photo of Speaker Nancy Pelosi in 2019.jpg,Democratic,California Democratic Party Chair,Trinity Washington University (BA),1987 (special),San Francisco,1940"
"California 13,Barbara Lee official portrait (cropped).jpg,Democratic,California State Assembly,Mills College (BA),1998 (special),Oakland,1946"
"California 14,Jackie Speier official photo (cropped 2).jpg,Democratic,California State Senate,""University of California, Davis (BA)"",2008 (special),Hillsborough,1950"
"California 15,Eric Swalwell 114th official photo (cropped 2).jpg,Democratic,""Dublin, California City Council"",Campbell University,2013,Dublin,1980"
"California 16,Jim Costa official portrait (cropped).jpg,Democratic,California State Senate,""California State University, Fresno (BA)"",2005,Fresno,1952"
"California 17,""Ro Khanna, official portrait, 115th Congress (cropped).jpg"",Democratic,Lawyer,University of Chicago (BA),2017,Fremont,1976"
"California 18,Anna Eshoo official photo (cropped).jpg,Democratic,""San Mateo County, California Board of Supervisors"",Cañada College,1993,Atherton,1942"
"California 19,""Zoe Lofgren, Official Portrait, 112th Congress (cropped).jpg"",Democratic,""Santa Clara County, California Board of Supervisors"",Stanford University (BA),1995,San Jose,1947"
"California 20,Jimmy Panetta official portrait (cropped).jpg,Democratic,""Deputy district attorney of Monterey County, California"",Monterey Peninsula College,2017,Carmel Valley,1969"
"California 21,""TJ Cox, official portrait, 116th Congress (cropped).jpg"",Democratic,Engineer,""University of Nevada, Reno (BS)"",2019,Fresno,1963"
"California 22,Devin Nunes (cropped).jpg,Republican,California State Director for the United States Department of Agriculture's Rural Development Section,College of the Sequoias,2003,Tulare,1973"
"California 23,House Maj. Leader Kevin McCarthy official photo (cropped).jpg,Republican,California State Assembly,""California State University, Bakersfield (BS, MBA)"",2007,Bakersfield,1965"
"California 24,Salud Carbajal official photo (cropped).jpg,Democratic,""Santa Barbara County, California Board of Supervisors"",""University of California, Santa Barbara (BA)"",2017,Santa Barbara,1964"
"California 25,Mike Garcia (CA-25).jpg,Republican,Businessman,United States Naval Academy (BS),2020 (special),Santa Clarita,1976"
"California 26,Julia Brownley official photo (cropped).jpg,Democratic,California State Assembly,George Washington University (BA),2013,Oak Park,1952"
"California 27,Judy Chu official photo (cropped).jpg,Democratic,""Mayor of Monterey Park, California"",""University of California, Los Angeles (BA)"",2009 (special),Monterey Park,1953"
"California 28,Adam Schiff official portrait (cropped).jpg,Democratic,California State Senate,Stanford University (BA),2001,Burbank,1960"
"California 29,Tony Cárdenas 114th Congress (cropped).jpg,Democratic,Los Angeles City Council,""University of California, Santa Barbara (BS)"",2013,San Fernando Valley,1963"
"California 30,Brad Sherman official photo (cropped).jpg,Democratic,California Board of Equalization,""University of California, Los Angeles (BA)"",1997,Sherman Oaks,1954"
"California 31,""Pete Aguilar Official Portrait, 115th Congress (cropped).jpg"",Democratic,""Mayor of Redlands, California"",University of Redlands (BS),2015,Redlands,1979"
"California 32,Rep-Napolitano (cropped).jpg,Democratic,California State Assembly,Cerritos College,1999,Norwalk,1936"
"California 33,Congressman Ted W. Lieu official photo (cropped).jpg,Democratic,California State Senate,""Stanford University (BA, BS)"",2015,Torrance,1969"
"California 34,Jimmy Gomez official portrait (cropped).jpg,Democratic,California State Assembly,""University of California, Los Angeles (BA)"",2017 (special),Los Angeles,1974"
"California 35,Norma Torres 115th official photo (cropped).jpg,Democratic,California State Senate,National Labor College (BA),2015,Pomona,1965"
"California 36,""Raul Ruiz, official portrait, 113th congress (cropped).jpg"",Democratic,Emergency physician,""University of California, Los Angeles (BS)"",2013,Palm Desert,1972"
"California 37,Karen-Bass-2012 (cropped).jpg,Democratic,Speaker of the California State Assembly,San Diego State University,2011,Baldwin Hills,1953"
"California 38,Linda Sánchez official photo (cropped).jpg,Democratic,Attorney,""University of California, Berkeley (BA)"",2003,Orange,1969"
"California 39,Gil Cisneros official portrait (cropped).jpg,Democratic,Philanthropist,George Washington University (BA),2019,Yorba Linda,1971"
"California 40,Lucille Roybal-Allard official photo (cropped).jpg,Democratic,Public relations executive,""California State University, Los Angeles (BA)"",1993,Downey,1941"
"California 41,Mark Takano 113th Congress (cropped).jpg,Democratic,Teacher,Harvard University (BA),2013,Riverside,1960"
"California 42,Ken Calvert official photo (cropped).jpg,Republican,Real estate executive,Chaffey College,1993,Corona,1953"
"California 43,Congresswoman Waters official photo (cropped).jpg,Democratic,California State Assembly,""California State University, Los Angeles (BA)"",1991,Inglewood,1938"
"California 44,Nanette Barragan official portrait (cropped 2).jpg,Democratic,""Hermosa Beach, California City Council"",""University of California, Los Angeles (BA)"",2017,San Pedro,1976"
"California 45,""Katie Porter, official portrait, 116th Congress (cropped).jpg"",Democratic,Attorney,Yale University (BA),2019,Irvine,1974"
"California 46,Lou Correa official portrait.jpg,Democratic,California State Senate,""California State University, Fullerton (BA)"",2017,Santa Ana,1958"
"California 47,Alan Lowenthal 113th Congress Portrait (cropped).jpeg,Democratic,California State Senate,Hobart College (BA),2013,Long Beach,1941"
"California 48,""Harley Rouda, official portrait, 116th Congress (cropped).jpg"",Democratic,Lawyer,University of Kentucky (BA),2019,Laguna Beach,1961"
"California 49,Mike Levin (cropped).jpg,Democratic,Environmental activist,Stanford University (BA),2019,San Juan Capistrano,1978"
"California 50,Vacant,,,,,,"
"California 51,Juan Vargas official photo (cropped).jpg,Democratic,California State Senate,University of San Diego (BA),2013,Golden Hill,1961"
"California 52,Scott Peters official portrait 116th Congress (cropped).jpg,Democratic,San Diego City Council,Duke University (BA),2013,La Jolla,1958"
"California 53,Susan A. Davis 113th Congress.jpg,Democratic,California State Assembly,""University of California, Berkeley (BA)"",2001,San Diego,1944"
"Colorado 1,Diana DeGette official photo (cropped 2).jpg,Democratic,Colorado House of Representatives,Colorado College (BA),1997,Denver,1957"
"Colorado 2,""Joe Neguse, official portrait, 116th Congress (cropped).jpg"",Democratic,Executive Director of the Colorado Department of Regulatory Agencies,""University of Colorado, Boulder (BA, JD)"",2019,Boulder,1984"
"Colorado 3,Scott Tipton official photo (cropped).jpg,Republican,Colorado House of Representatives,Fort Lewis College (BA),2011,Cortez,1956"
"Colorado 4,Ken Buck official congressional photo (cropped).jpg,Republican,""Weld County, Colorado"",Princeton University (BA),2015,Greeley,1959"
"Colorado 5,Doug Lamborn official portrait (cropped).jpg,Republican,President pro tempore of the Colorado Senate,""University of Kansas (BS, JD)"",2007,Colorado Springs,1954"
"Colorado 6,""Jason Crow, official portrait, 116th Congress (cropped).jpg"",Democratic,Attorney,""University of Wisconsin, Madison (BA)"",2019,Aurora,1979"
"Colorado 7,Ed Perlmutter officia photo.jpg,Democratic,Colorado Senate,""University of Colorado Boulder (BA, JD)"",2007,Lakewood,1953"
"Connecticut 1,""John B Larson, Official Portrait, circa 111 - 112th Congress.jpg"",Democratic,Connecticut Senate,Central Connecticut State University (BA),1999,East Hartford,1948"
"Connecticut 2,Joe Courtney official photo (cropped 2).jpg,Democratic,Connecticut House of Representatives,Tufts University (BA),2007,Vernon,1953"
"Connecticut 3,Rosa DeLauro Portrait.jpg,Democratic,Executive Director of EMILY's List,""Marymount College, Tarrytown (BA)"",1991,New Haven,1943"
"Connecticut 4,""Jim Himes Official Portrait, 113th Congress (cropped).jpg"",Democratic,Financial executive,Harvard University (BA),2009,Cos Cob,1966"
"Connecticut 5,""Jahana Hayes, official portrait, 116th Congress (cropped).jpg"",Democratic,Teacher,Naugatuck Valley Community College,2019,Wolcott,1973"
"Delaware at-large,Lisa Blunt Rochester official photo (cropped).jpg,Democratic,""Delaware Labor Secretary, Delaware Personnel Director"",Fairleigh Dickinson University,2017,Wilmington,1962"
"Florida 1,""Matt Gaetz, official portrait, 116th Congress (cropped).jpg"",Republican,Florida House of Representatives,Florida State University (BS),2017,Fort Walton Beach,1982"
"Florida 2,Neal Dunn 115th Congress photo (cropped).jpg,Republican,Surgeon,Washington and Lee University (BS),2017,Panama City,1953"
"Florida 3,Ted Yoho official photo (cropped).jpg,Republican,Veterinarian,Broward College,2013,Gainesville,1955"
"Florida 4,John Rutherford official photo (cropped).jpg,Republican,Sheriff of Jacksonville,Florida State College,2017,Jacksonville,1952"
"Florida 5,Al Lawson 115th Congress photo (cropped).jpg,Democratic,Florida Senate,Florida A&M University (BA),2017,Tallahassee,1948"
"Florida 6,""Michael Waltz, official portrait, 116th Congress (cropped) (cropped).jpg"",Republican,U.S. Army,Virginia Military Institute (BS),2019,Daytona Beach,1974"
"Florida 7,Stephanie Murphy official photo (cropped).jpg,Democratic,Advisor,College of William & Mary (BA),2017,Winter Park,1978"
"Florida 8,Bill Posey Official Portrait (cropped).jpg,Republican,Florida Senate,Eastern Florida State College,2009,Rockledge,1947"
"Florida 9,Darren Soto 115th Congress photo (cropped).jpg,Democratic,Florida Senate,Rutgers University–New Brunswick (BA),2017,Orlando,1978"
"Florida 10,""Val Demings, Official Portrait, 115th Congress (cropped).jpg"",Democratic,Chief of the Orlando Police Department,Florida State University (BS),2017,Orlando,1957"
"Florida 11,""Daniel Webster, Official Portrait, 112th Congress (cropped).jpg"",Republican,Florida Senate,Georgia Institute of Technology (BS),2011,Winter Garden,1949"
"Florida 12,Gusbilirakis.jpeg,Republican,Florida House of Representatives,St. Petersburg College,2007,Palm Harbor,1963"
"Florida 13,Charlie Crist 115th Congress photo (cropped).jpg,Democratic,Governor of Florida,Wake Forest University,2017,St. Petersburg,1956"
"Florida 14,Kathy Castor 113th Congress.jpg,Democratic,Assistant General Counsel to the Florida Department of Community Affairs,Emory University (BA),2007,Tampa,1966"
"Florida 15,""Ross Spano, official portrait, 116th Congress (cropped).jpg"",Republican,Florida House of Representatives,University of South Florida (BA),2019,Dover,1966"
"Florida 16,Vern Buchanan 113th Congress.jpg,Republican,Auto dealer,Cleary University (BA),2007,Longboat Key,1951"
"Florida 17,""Greg Steube, official portrait, 116th congress (cropped).jpg"",Republican,Florida Senate,""University of Florida (BS, JD)"",2019,Sarasota,1978"
"Florida 18,Brian Mast official 115th Congress photo (cropped).jpg,Republican,U.S. Army Soldier,Palm Beach Atlantic University,2017,Hutchinson Island,1980"
"Florida 19,Francis Rooney official portrait v2 (cropped).jpg,Republican,United States Ambassador to the Holy See,""Georgetown University (BA, JD)"",2017,Naples,1953"
"Florida 20,Alcee Hastings Portrait c111-112th Congress.jpg,Democratic,Judge of the United States District Court for the Southern District of Florida,Howard University,1993,Miramar,1936"
"Florida 21,""Lois Frankel, Official portrait, 113th Congress (cropped).jpg"",Democratic,""Mayor of West Palm Beach, Florida"",Boston University (BA),2013,West Palm Beach,1948"
"Florida 22,Ted Deutsch (cropped).jpg,Democratic,Florida Senate,""University of Michigan (BA, JD)"",2010 (special),Boca Raton,1966"
"Florida 23,DWS cropped.jpg,Democratic,Florida Senate,""University of Florida (BA, MA)"",2005,Weston,1966"
"Florida 24,Frederica Wilson official House portrait (cropped).jpg,Democratic,Florida Senate,Fisk University (BA),2011,Miami Gardens,1942"
"Florida 25,Mario Díaz-Balart official photo (cropped).jpg,Republican,Florida Senate,University of South Florida (BA),2003,Miami,1961"
"Florida 26,""Debbie Mucarsel-Powell, official portrait, 116h Congress (cropped).jpg"",Democratic,College administrator,Pitzer College (BA),2019,Miami,1971"
"Florida 27,""Donna Shalala, official portrait, 116th Congress (cropped).jpg"",Democratic,President of the Clinton Foundation,Western College for Women (BA),2019,Miami,1941"
"Georgia 1,""Buddy Carter, Official Portrait, 114th Congress (cropped).jpg"",Republican,Georgia State Senate,Young Harris College,2015,Pooler,1957"
"Georgia 2,Sanford Bishop (cropped).jpg,Democratic,Georgia State Senate,Morehouse College (BA),1993,Albany,1947"
"Georgia 3,Drew Ferguson official congressional photo (cropped).jpg,Republican,""Mayor of West Point, Georgia"",University of Georgia (BS),2017,West Point,1966"
"Georgia 4,Hank Johnson official photo (cropped).jpg,Democratic,""DeKalb County, Georgia Commissioner"",Clark Atlanta University (BA),2007,Lithonia,1954"
"Georgia 5,Vacant,,,,,,"
"Georgia 6,""Lucy McBath, official portrait, 116th Congress (cropped).jpg"",Democratic,Activist,Virginia State University (BA),2019,Marietta,1960"
"Georgia 7,""Rob Woodall, Official Portrait, 112th Congress 2 (cropped).jpg"",Republican,Political aide,Furman University (BA),2011,Peachtree Corners,1970"
"Georgia 8,Austin Scott official photo (cropped).jpg,Republican,Georgia House of Representatives,University of Georgia (BA),2011,Tifton,1969"
"Georgia 9,""Doug Collins, Official portrait, 113th Congress (cropped).jpg"",Republican,Georgia House of Representatives,University of North Georgia (BA),2013,Gainesville,1966"
"Georgia 10,Jody Hice 116th Congress official photo (cropped).jpg,Republican,Radio show host,Asbury University (BA),2015,Bethlehem,1960"
"Georgia 11,""Barry Loudermilk, official portrait, 115th congress (cropped).jpg"",Republican,Georgia State Senate,Air University,2015,Cassville,1963"
"Georgia 12,""Rick Allen Official Photo, 114th Congress (cropped).jpg"",Republican,Businessman,Auburn University (BS),2015,Augusta,1951"
"Georgia 13,David Scott congressional portrait (cropped).jpg,Democratic,Georgia State Senate,Florida A&M University (BA),2003,Atlanta,1945"
"Georgia 14,""Tom Graves, official portrait, 116th Congress (cropped).jpg"",Republican,""Georgia House of Representatives,"",University of Georgia (BA),2010 (special),Ranger,1970"
"Hawaii 1,""Ed Case, official portrait, 116th Congress (cropped).jpg"",Democratic,""U.S. House, Hawaii House of Representatives"",Williams College (BA),2019,Kaneohe,1952"
"Hawaii 2,""Tulsi Gabbard, official portrait, 113th Congress (cropped 2).jpg"",Democratic,Honolulu City Council,Hawaii Pacific University (BS),2013,Honolulu,1981"
"Idaho 1,""Russ Fulcher, official portrait, 116th Congress (cropped).jpg"",Republican,Idaho Senate,""Boise State University (BA, MBA)"",2019,Meridian,1962"
"Idaho 2,Mike Simpson official portrait (cropped).jpg,Republican,Idaho House of Representatives,Utah State University (BS),1999,Idaho Falls,1950"
"Illinois 1,Bobby Rush official portrait (cropped).jpg,Democratic,Chicago City Council,Roosevelt University (BGS),1993,Englewood,1946"
"Illinois 2,Robin Kelly official photo (cropped).jpg,Democratic,Illinois House of Representatives,""Bradley University (BA, MA)"",2013 (special),Matteson,1956"
"Illinois 3,Dan Lipinski Portrait 115th Congress (cropped).jpg,Democratic,Member of the University of Notre Dame and University of Tennessee Faculty,Northwestern University (BS),2005,Western Springs,1966"
"Illinois 4,Chuy Garcia official portrait (cropped).jpg,Democratic,Cook County Board of Commissioners,""University of Illinois, Chicago (BA, MUP)"",2019,Chicago,1956"
"Illinois 5,Mike Quigley official photo (cropped 2).jpg,Democratic,Cook County Board of Commissioners,Roosevelt University (BA),2009 (special),""Lincoln Park, Chicago"",1958"
"Illinois 6,""Sean Casten, official portrait, 116th Congress (cropped).jpg"",Democratic,Entrepreneur,Middlebury College (BA),2019,Downers Grove,1971"
"Illinois 7,DannyKDavis113th (cropped).jpg,Democratic,Chicago City Council,University of Arkansas at Pine Bluff (BA),1997,""Austin, Chicago"",1941"
"Illinois 8,Raja Krishnamoorthi official photo (cropped).jpg,Democratic,Public Servant,Princeton University (BS),2017,Schaumburg,1973"
"Illinois 9,Jan Schakowsky official photo (cropped).jpg,Democratic,Illinois House of Representatives,University of Illinois at Urbana–Champaign (BS),1999,Evanston,1944"
"Illinois 10,Brad Schneider official photo (cropped).jpg,Democratic,""U.S. Representative for Illinois 10, management consultant"",""Northwestern University (BS, MBA)"",2017,Deerfield,1961"
"Illinois 11,""Bill Foster, Official Portrait, 113th Congress (cropped).jpg"",Democratic,""U.S. House, research physicist, businessman"",University of Wisconsin–Madison (BS),2013,Naperville,1955"
"Illinois 12,Mike Bost official photo (cropped).jpg,Republican,Illinois House of Representatives,–,2015,Murphysboro,1960"
"Illinois 13,Rodney Davis official photo 2016 (cropped).jpg,Republican,Congressional Staffer,Millikin University (BA),2013,Taylorville,1970"
"Illinois 14,Lauren Underwood official portrait (cropped).jpg,Democratic,Registered nurse,University of Michigan (BSN),2019,Naperville,1986"
"Illinois 15,John Shimkus official photo (cropped).jpg,Republican,""Madison County, Illinois Treasurer"",United States Military Academy (BS),1997,Collinsville,1958"
"Illinois 16,Adam Kinzinger official congressional photo (cropped).jpg,Republican,""McLean County, Illinois Board of Commissioners, Air Force pilot"",Illinois State University (BA),2011,Rockford,1978"
"Illinois 17,Cheri Bustos official photo (cropped).jpg,Democratic,""East Moline, Illinois City Council, healthcare executive, journalist"",""University of Maryland, College Park (BA)"",2013,East Moline,1961"
"Illinois 18,Darin LaHood official photo (cropped).jpg,Republican,Illinois Senate,Loras College (BA),2015 (special),Dunlap,1968"
"Indiana 1,Pete Visclosky official photo (cropped).png,Democratic,Attorney,Indiana University Northwest (BA),1985,Merrillville,1949"
"Indiana 2,""Jackie Walorski, official portrait, 113th Congress (cropped).jpg"",Republican,Indiana House of Representatives,Liberty University,2013,Jimtown,1963"
"Indiana 3,Jim Banks official portrait (cropped).jpg,Republican,Indiana Senate,Indiana University Bloomington (BA),2017,Columbia City,1979"
"Indiana 4,""Rep. Jim Baird official photo, 116th congress (cropped).jpg"",Republican,Indiana House of Representatives,""Purdue University, West Lafayette (BS, MS)"",2019,Greencastle,1945"
"Indiana 5,Susan Brooks official portrait (cropped).jpg,Republican,U.S. Attorney for Southern Indiana,Miami University (BA),2013,Carmel,1960"
"Indiana 6,""Greg Pence, official portrait, 116th Congress (cropped).jpg"",Republican,Businessman,""Loyola University Chicago (BA, MBA)"",2019,Edinburgh,1956"
"Indiana 7,Andre Carson 2009 (cropped).jpg,Democratic,Indianapolis City-County Council,Concordia University Wisconsin (BA),2008 (special),""Center Township, Marion County"",1974"
"Indiana 8,Larry Bucshon official congressional photo (cropped).jpg,Republican,Heart Surgeon,University of Illinois at Urbana–Champaign (BS),2011,Newburgh,1962"
"Indiana 9,Trey Hollingsworth official photo (cropped).jpg,Republican,CEO of Hollingsworth Capital Partners,University of Pennsylvania (BS),2017,Jeffersonville,1983"
"Iowa 1,CongresswomanFinkenauer (cropped).jpg,Democratic,Iowa House of Representatives,Drake University (BA),2019,Dubuque,1988"
"Iowa 2,Dave Loebsack official photo (cropped).jpg,Democratic,Professor,""Iowa State University (BA, MA)"",2007,Iowa City,1952"
"Iowa 3,Axne Official Portrait (cropped).jpg,Democratic,Businesswoman,University of Iowa (BA),2019,West Des Moines,1965"
"Iowa 4,Steve King official photo (cropped).jpg,Republican,Iowa Senate,Northwest Missouri State University,2003,Kiron,1949"
"Kansas 1,Roger Marshall official portrait (cropped 2).jpg,Republican,Obstetrician,Kansas State University (BS),2017,Great Bend,1960"
"Kansas 2,Steve Watkins official photo (cropped).jpg,Republican,Military contractor,United States Military Academy (BS),2019,Topeka,1976"
"Kansas 3,Sharice Davids (cropped).jpg,Democratic,Attorney,Haskell Indian Nations University,2019,Shawnee,1980"
"Kansas 4,""Ron Estes, 115th official photo (cropped).jpg"",Republican,Kansas State Treasurer,""Tennessee Technological University (BS, MBA)"",2017 (special),Wichita,1956"
"Kentucky 1,James Comer official congressional photo (cropped).jpg,Republican,Kentucky House of Representatives,Western Kentucky University (BS),2016 (special),Tompkinsville,1972"
"Kentucky 2,""Brett Guthrie, Official Photo (cropped).jpg"",Republican,Kentucky Senate,United States Military Academy (BS),2009,Bowling Green,1964"
"Kentucky 3,John Yarmuth official photo (cropped).jpg,Democratic,Newspaper publisher,Yale University (BA),2007,Louisville,1947"
"Kentucky 4,Thomas Massie official portrait (cropped).jpg,Republican,""Judge-Executive of Lewis County, Kentucky"",""Massachusetts Institute of Technology (BS, MS)"",2012 (special),Garrison,1971"
"Kentucky 5,Hal Rogers Official Photo 2010 (cropped).jpg,Republican,""Commonwealth's Attorney for Pulaski County, Kentucky and Rockcastle County, Kentucky"",Western Kentucky University (BA),1981,Mount Vernon,1937"
"Kentucky 6,Andy Barr official congressional photo (cropped).jpg,Republican,Attorney,University of Virginia (BA),2013,Lexington,1973"
"Louisiana 1,Steve Scalise 116th Congress official photo.jpg,Republican,Louisiana State Senate,Louisiana State University (BS),2008 (special),Jefferson,1965"
"Louisiana 2,Cedric Richmond 113th Congress.jpg,Democratic,Louisiana House of Representatives,Morehouse College (BA),2011,New Orleans,1973"
"Louisiana 3,Clay Higgins official portrait (cropped).jpeg,Republican,""Reserve Deputy Marshal of Lafayette, Louisiana"",Louisiana State University,2017,Port Barre,1961"
"Louisiana 4,""Mike Johnson, official portrait, 116th Congress (cropped).jpg"",Republican,Louisiana House of Representatives,""Louisiana State University (BA, JD)"",2017,Benton,1972"
"Louisiana 5,Ralph Abraham official congressional photo (cropped).jpg,Republican,Physician,""Louisiana State University (BS, DVM)"",2015,Mangham,1954"
"Louisiana 6,""Garret Graves official portrait, 2015 (cropped).jpg"",Republican,Louisiana Coastal Protection and Restoration Authority,University of Alabama,2015,Baton Rouge,1972"
"Maine 1,Chellie Pingree official photo (cropped).jpg,Democratic,Maine State Senate,University of Southern Maine,2009,North Haven,1955"
"Maine 2,""Rep. Jared Golden, official portrait, 116th congress (cropped).jpg"",Democratic,Maine House of Representatives,""University of Maine, Farmington"",2019,Lewiston,1982"
"Maryland 1,Andy Harris 115th Congress (cropped).jpg,Republican,Maryland State Senate,""Johns Hopkins University (BS, MD, MHS)"",2011,Cockeysville,1957"
"Maryland 2,Dutc Rupper (cropped).jpg,Democratic,Baltimore County Executive,Baltimore City College,2003,Baltimore,1946"
"Maryland 3,John Sarbanes official photo (cropped).jpg,Democratic,Attorney,Princeton University (BA),2007,Towson,1962"
"Maryland 4,Anthony G. Brown official photo (cropped 2).jpg,Democratic,Lieutenant Governor of Maryland,""Harvard University (BA, JD)"",2017,Lanham,1961"
"Maryland 5,""Steny Hoyer, official photo as Whip (cropped).jpg"",Democratic,President of the Maryland State Senate,""University of Maryland, College Park (BA)"",1981 (special),Mechanicsville,1939"
"Maryland 6,David Trone official photo (cropped).jpg,Democratic,Businessman,Furman University (BA),2019,Potomac,1955"
"Maryland 7,Kweisi Mfume (MD-7).jpg,Democratic,Baltimore City Council,Baltimore City Community College,2020 (special),Baltimore,1948"
"Maryland 8,Jamie Raskin official (cropped).jpg,Democratic,Maryland State Senate Majority Whip,""Harvard University (BA, JD)"",2017,Takoma Park,1962"
"Massachusetts 1,Richard Neal official photo (cropped).jpg,Democratic,""Mayor of Springfield, Massachusetts"",Holyoke Community College,1989,Springfield,1949"
"Massachusetts 2,""Jim McGovern, official portrait, 116th Congress (cropped).jpg"",Democratic,Congressional staff member,""American University (BA, MPA)"",1997,Worcester,1959"
"Massachusetts 3,""Lori Trahan, official portrait, 116th Congress (cropped 2).jpg"",Democratic,""Businesswoman, Chief of Staff to Rep. Marty Meehan"",Georgetown University (BA),2019,Westford,1973"
"Massachusetts 4,""Joe Kennedy III, official portrait, 116th Congress (cropped).jpg"",Democratic,Prosecutor,Stanford University (BA),2013,Brookline,1980"
"Massachusetts 5,Katherine Clark 114th (cropped).jpg,Democratic,Massachusetts Senate,St. Lawrence University (BA),2013 (special),Melrose,1963"
"Massachusetts 6,Seth Moulton (cropped 2).jpg,Democratic,Businessman,""Harvard University (BS, MBA, MPP)"",2015,Salem,1978"
"Massachusetts 7,Ayanna Pressley Portrait (cropped).jpg,Democratic,Boston City Council,Boston University,2019,Dorchester,1974"
"Massachusetts 8,Stephen Lynch 115th Congress (cropped).jpg,Democratic,Massachusetts Senate,Wentworth Institute of Technology (BS),2001 (special),Boston,1955"
"Massachusetts 9,William Keating 112th Congress Portrait.jpg,Democratic,Massachusetts House of Representatives,""Boston College (BA, MBA)"",2011,Bourne,1952"
"Michigan 1,Jack Bergman (2017) (cropped).jpg,Republican,U.S. Marine Corps Lieutenant General,Gustavus Adolphus College (BA),2017,Watersmeet,1947"
"Michigan 2,Bill Huizenga official congressional photo (cropped).jpg,Republican,Michigan House of Representatives,Calvin College (BA),2011,Zeeland,1969"
"Michigan 3,Justin Amash official photo (cropped).jpg,Libertarian,Michigan House of Representatives,""University of Michigan (BA, JD)"",2011,Cascade Township,1980"
"Michigan 4,John Moolenaar (cropped).jpg,Republican,Michigan Senate,Hope College (BS),2015,Midland,1961"
"Michigan 5,Dan Kildee official photo (cropped).jpg,Democratic,""Genesee County, Michigan Treasurer"",University of Michigan–Flint,2013,Flint Township,1958"
"Michigan 6,Fred Upton 113th Congress photo (cropped).jpg,Republican,U.S. government administrator,University of Michigan (BA),1987,St. Joseph,1953"
"Michigan 7,""Tim Walberg, Official Portrait, 112th Congress (cropped).jpg"",Republican,U.S. House,Western Illinois University,2011,Tipton,1951"
"Michigan 8,""Elissa Slotkin, official portrait, 116th Congress (cropped).jpg"",Democratic,Assistant Secretary of Defense for International Security Affairs,Cornell University (BA),2019,Holly,1976"
"Michigan 9,""Andy Levin, official portrait, 116th Congress (cropped).jpg"",Democratic,Attorney,Williams College (BA),2019,Bloomfield,1960"
"Michigan 10,Paul Mitchell official congressional photo (cropped).jpg,Republican,Businessman,Michigan State University (BA),2017,Dryden Township,1961"
"Michigan 11,""Haley Stevens, official portrait, 116th Congress (cropped).jpg"",Democratic,Presidential Task Force on the Auto Industry,""American University (BA, MA)"",2019,Rochester Hills,1983"
"Michigan 12,Debbie Dingell official portrait (crop 2).jpg,Democratic,Lobbyist,""Georgetown University (BS, MS)"",2015,Dearborn,1953"
"Michigan 13,""Rashida Tlaib, official portrait, 116th Congress (cropped).jpg"",Democratic,Michigan House of Representatives,Wayne State University (BA),2019,Detroit,1976"
"Michigan 14,Brenda Lawrence official portrait (cropped).jpg,Democratic,""Mayor of Southfield, Michigan"",University of Detroit Mercy,2015,Southfield,1954"
"Minnesota 1,""Jim Hagedorn, official portrait, 116th Congress (cropped).jpg"",Republican,""Director for Legislative and Public Affairs for the Financial Management Service, United States Department of the Treasury"",George Mason University (BA),2019,Blue Earth,1962"
"Minnesota 2,""Angie Craig, official portrait, 116th Congress (cropped).jpg"",Democratic,Medical technology executive,University of Memphis (BA),2019,Eagan,1972"
"Minnesota 3,""Dean Phillips, official portrait, 116th Congress (cropped).jpg"",Democratic,Businessman,Brown University (BA),2019,Deephaven,1969"
"Minnesota 4,Betty McCollum official photo (cropped).jpg,Democratic,North St. Paul City Council,St. Catherine University (BA),2001,Saint Paul,1954"
"Minnesota 5,""Ilhan Omar, official portrait, 116th Congress (cropped).jpg"",Democratic,Minnesota House of Representatives,North Dakota State University (BA),2019,Minneapolis,1982"
"Minnesota 6,Tom Emmer official portrait 114th Congress (cropped).jpg,Republican,Minnesota House of Representatives,Boston College,2015,Delano,1961"
"Minnesota 7,Collin Peterson official photo (cropped).jpg,Democratic,Certified Public Accountant,Minnesota State University Moorhead (BA),1991,Detroit Lakes,1944"
"Minnesota 8,Pete Stauber official photo (cropped).jpg,Republican,""St. Louis County, Minnesota County Commission"",Lake Superior State University (BA),2019,Hermantown,1966"
"Mississippi 1,Trent Kelly 116th Congress (cropped).jpg,Republican,""District attorney, Tupelo, Mississippi"",East Central Community College,2015 (special),Saltillo,1966"
"Mississippi 2,Bennie Thompson official photo (cropped).jpg,Democratic,""Alderman and Mayor of Bolton, Mississippi"",Tougaloo College (BA),1993 (special),Bolton,1948"
"Mississippi 3,""Michael Guest, official portrait, 116th Congress (cropped 2).jpg"",Republican,""District Attorney for Madison County, Mississippi and Rankin County, Mississippi Counties"",Mississippi State University (BS),2019,Brandon,1970"
"Mississippi 4,""Steven Palazzo, Official Portrait, 112th Congress (cropped).jpg"",Republican,Mississippi House of Representatives,""University of Southern Mississippi (BA, MPA)"",2011,Gulfport,1970"
"Missouri 1,Lacy Clay official photo (cropped).jpg,Democratic,Missouri Senate,""University of Maryland, College Park (BA)"",2001,St. Louis,1956"
"Missouri 2,Ann Wagner 113th Congress official photo (cropped).jpg,Republican,U.S. Ambassador to Luxembourg,University of Missouri (BS),2013,Ballwin,1962"
"Missouri 3,""Blaine Luetkemeyer, Official Portrait, 116th congress (cropped).jpg"",Republican,""Missouri House of Representatives, State Tourism Director"",""Lincoln University, Missouri (BA)"",2009,St. Elizabeth,1952"
"Missouri 4,Vicky Hartzler official portrait ca 115th Congress (cropped).jpg,Republican,Missouri House of Representatives,University of Missouri (BS),2011,Harrisonville,1960"
"Missouri 5,Emanuel Cleaver official photo (cropped).jpg,Democratic,""Mayor of Kansas City, Missouri"",Prairie View A&M University (BS),2005,Kansas City,1944"
"Missouri 6,""Congressman Sam Graves Official Photo, 116th Congress (cropped).jpg"",Republican,Missouri Senate,University of Missouri (BS),2001,Tarkio,1963"
"Missouri 7,Billy Long 115th official photo (cropped).jpg,Republican,Auctioneer,University of Missouri,2011,Springfield,1955"
"Missouri 8,Congressman Jason T. Smith (cropped).jpg,Republican,Missouri House of Representatives,University of Missouri (BS),2013 (special),Salem,1980"
"Montana at-large,Greg Gianforte 115th congress (cropped).jpg,Republican,Business owner,""Stevens Institute of Technology (BS, MS)"",2017 (special),Bozeman,1961"
"Nebraska 1,Jeff Fortenberry Official Portrait 115th Congress (cropped).jpg,Republican,""Lincoln, Nebraska city council"",Louisiana State University (BA),2005,Lincoln,1960"
"Nebraska 2,Donald Bacon Official House Photo (cropped).jpg,Republican,U.S. Air Force Brigadier General,Northern Illinois University (BA),2017,Papillion,1963"
"Nebraska 3,Adriansmith.jpg,Republican,""Gering, Nebraska City Council, Nebraska Legislature"",Liberty University,2007,Gering,1970"
"Nevada 1,Dina Titus official photo (cropped 2).jpg,Democratic,""U.S. House, Nevada Senate"",College of William & Mary (BA),2013,Las Vegas,1950"
"Nevada 2,Mark Amodei official photo (cropped 2).jpg,Republican,Nevada Senate,""University of Nevada, Reno (BA)"",2011 (special),Carson City,1958"
"Nevada 3,""Susie Lee, official portrait, 116th Congress (cropped).jpg"",Democratic,Education advocate,""Carnegie Mellon University (BA, MS)"",2019,Las Vegas,1966"
"Nevada 4,""Steven Horsford, official portrait, 116th Congress (cropped).jpg"",Democratic,""U.S. House, Nevada Senate"",""University of Nevada, Reno (BA)"",2019,Las Vegas,1973"
"New Hampshire 1,""Chris Pappas, official portrait, 116th Congress (cropped).jpg"",Democratic,New Hampshire Executive Council,Harvard University (BA),2019,Manchester,1980"
"New Hampshire 2,Ann McLane Kuster official photo (cropped 2).jpg,Democratic,Attorney,Dartmouth College (BA),2013,Hopkinton,1956"
"New Jersey 1,Donald Norcross official portrait (cropped).jpg,Democratic,New Jersey Senate,Camden County College,2014 (special),Camden,1958"
"New Jersey 2,Jeff Van Drew Official Portrait 116th Congress (cropped).jpg,Republican,New Jersey Senate,""Rutgers University, New Brunswick (BS)"",2019,Dennis Township,1953"
"New Jersey 3,""Andy Kim, official portrait, 116th Congress (cropped).jpg"",Democratic,National security advisor,Deep Springs College,2019,Bordentown,1982"
"New Jersey 4,Chris Smith official photo (cropped).jpg,Republican,Retail executive,The College of New Jersey (BS),1981,""Hamilton Township, Mercer County"",1953"
"New Jersey 5,Josh Gottheimer Photo (cropped).jpg,Democratic,Lawyer,University of Pennsylvania (BA),2017,Wyckoff,1975"
"New Jersey 6,""Frank Pallone, Official Portrait, 113th Congress (cropped).jpg"",Democratic,""Long Branch, New Jersey city council, New Jersey Senate"",Middlebury College (BA),1988 (special),New Brunswick,1951"
"New Jersey 7,""Tom Malinowski, official portrait, 116th congress (cropped).jpg"",Democratic,""Assistant Secretary of State for Democracy, Human Rights, and Labor"",""University of California, Berkeley (BA)"",2019,Rocky Hill,1965"
"New Jersey 8,Albio Sires (cropped).jpg,Democratic,Mayor of West New York,Saint Peter's University (BA),2006 (special),West New York,1951"
"New Jersey 9,Bill pascrell 375 (cropped).jpg,Democratic,""New Jersey General Assembly, Mayor of Paterson, New Jersey"",""Fordham University (BA, MA)"",1997,Paterson,1937"
"New Jersey 10,Donald Payne Jr Official Portrait 113th Congress (cropped).png,Democratic,""Newark, New Jersey Municipal Council, Essex County, New Jersey Freeholder"",Kean University,2012 (special),Newark,1958"
"New Jersey 11,""Mikie Sherrill, official portrait, 116th Congress (cropped 2).jpg"",Democratic,Assistant United States Attorney for the District of New Jersey,United States Naval Academy (BS),2019,Montclair,1972"
"New Jersey 12,Bonnie Watson Coleman (cropped 2).jpg,Democratic,New Jersey General Assembly,Rutgers University,2015,Ewing Township,1945"
"New Mexico 1,""Deb Haaland, official portrait, 116th Congress (cropped).jpg"",Democratic,Chair of the New Mexico Democratic Party,""University of New Mexico, Albuquerque (BA, JD)"",2019,Albuquerque,1960"
"New Mexico 2,""Xochitl Torres Small, official portrait, 116th Congress (cropped).jpg"",Democratic,Attorney,Georgetown University (BA),2019,Las Cruces,1984"
"New Mexico 3,BenLujan2016 (cropped).jpg,Democratic,New Mexico Public Regulation Commissioner,University of New Mexico,2009,Santa Fe,1972"
"New York 1,Lee Zeldin new official portrait (cropped).jpg,Republican,New York Senate,""University at Albany, SUNY (BA)"",2015,Shirley,1980"
"New York 2,""Peter T. King, official portrait, 112th Congress (cropped).jpg"",Republican,""Hempstead Town Council, Nassau County, New York Comptroller"",St. Francis College (BA),1993,Seaford,1944"
"New York 3,Thomas Suozzi official photo (cropped).jpg,Democratic,""County Executive of Nassau County, New York, Mayor of Glen Cove, New York"",Boston College (BA),2017,Glen Cove,1962"
"New York 4,Kathleen Rice official photo (cropped).jpg,Democratic,""District Attorney of Nassau County, New York"",Catholic University (BA),2015,Garden City,1965"
"New York 5,""Gregory Meeks, official portrait, 115th congress (cropped).jpg"",Democratic,New York State Assembly,Adelphi University (BA),1998 (special),Jamaica,1953"
"New York 6,Grace Meng Official Congressional Photo (cropped).jpg,Democratic,New York State Assembly,University of Michigan (BA),2013,""Flushing, Queens"",1975"
"New York 7,Nydia Velázquez oficial portrait (cropped).jpg,Democratic,""Director, Dept. of Puerto Rican Community Affairs"",""University of Puerto Rico, Río Piedras (BA)"",1993,""Sunset Park, Brooklyn"",1953"
"New York 8,Hakeem Jeffries official portrait (cropped).jpg,Democratic,New York State Assembly,Binghamton University (BA),2013,""Prospect Heights, Brooklyn"",1970"
"New York 9,Yvette Clarke official photo (cropped).jpg,Democratic,New York City Council,Oberlin College,2007,""Flatbush, Brooklyn"",1964"
"New York 10,Jerrold Nadler official photo (cropped).jpg,Democratic,New York State Assembly,Columbia University (BA),1992 (special),""Chelsea, Manhattan"",1947"
"New York 11,""Max Rose, official 116th Congress photo portrait (cropped).jpg"",Democratic,U.S. Army,Wesleyan University (BA),2019,Staten Island,1986"
"New York 12,Carolyn Maloney official photo (cropped).jpg,Democratic,New York City Council,Greensboro College (BA),1993,""East Harlem, Manhattan"",1946"
"New York 13,Rep. Adriano Espaillat Official Photo 116th Congress (cropped).jpg,Democratic,New York State Senate,""Queens College, City University of New York (BA)"",2017,""Inwood, Manhattan"",1954"
"New York 14,Alexandria Ocasio-Cortez Official Portrait (cropped).jpg,Democratic,Organizer for Bernie Sanders's 2016 presidential campaign,Boston University (BA),2019,Bronx,1989"
"New York 15,Josieserrano.jpeg,Democratic,New York State Assembly,Lehman College,1990 (special),""Concourse, Bronx"",1943"
"New York 16,""Eliot Engel, official photo portrait (cropped).jpg"",Democratic,""High school teacher, New York State Assembly"",""Lehman College (BA, MA)"",1989,""Riverdale, Bronx"",1947"
"New York 17,Nita Lowey 116th Congress (cropped).jpg,Democratic,New York Assistant Secretary of State,Mount Holyoke College (BA),1989,Harrison,1937"
"New York 18,Congressman Maloney official (cropped).jpg,Democratic,Attorney,Georgetown University,2013,Carmel,1966"
"New York 19,""Antonio Delgado, official portrait, 116th Congress (cropped).jpg"",Democratic,Attorney,Colgate University (BA),2019,Rhinebeck,1977"
"New York 20,""Paul Tonko, official portrait, 116th Congress (cropped).jpg"",Democratic,New York State Assembly,Clarkson University (BS),2009,Amsterdam,1949"
"New York 21,""Elise Stefanik, 115th official photo (cropped).jpg"",Republican,""Civil servant, political activist"",Harvard University (BA),2015,Schuylerville,1984"
"New York 22,""Anthony Brindisi, official portrait, 116th Congress (cropped).jpg"",Democratic,New York State Assembly,Mohawk Valley Community College,2019,Utica,1978"
"New York 23,TomReedNewOfficial (cropped).jpg,Republican,""Mayor of Corning (city), New York"",Alfred University (BA),2010 (special),Corning,1971"
"New York 24,John Katko 115th Congress (cropped).jpg,Republican,""Attorney, Prosecutor U.S. Attorney's Office"",Niagara University (BA),2015,Camillus,1962"
"New York 25,Joe Morelle official photo (cropped).jpg,Democratic,New York State Assembly,State University of New York at Geneseo (BA),2018 (special),Irondequoit,1957"
"New York 26,Brian Higgins official photo (cropped).jpg,Democratic,Buffalo Common Council,""Buffalo State College (BA, MA)"",2005,Buffalo,1959"
"New York 27,CountyCLERKJacobs.jpeg,Republican,New York State Senate,Boston College (BA),2020 (special),Orchard Park,1966"
"North Carolina 1,""GK Butterfield, Official photo 116th Congress (cropped).jpg"",Democratic,North Carolina Supreme Court Justice,""North Carolina Central University (BA, JD)"",2004 (special),Wilson,1947"
"North Carolina 2,George Holding (cropped).jpg,Republican,U.S. Attorney for Eastern North Carolina,""Wake Forest University (BA, JD)"",2013,Raleigh,1968"
"North Carolina 3,Rep. Greg Murphy 116th Congress Portrait (cropped).jpg,Republican,North Carolina House of Representatives,Davidson College (BA),2019 (special),Greenville,1963"
"North Carolina 4,""David Price, 115th Congress official photo (cropped).jpg"",Democratic,""U.S. House, College professor"",Mars Hill University,1997,Chapel Hill,1940"
"North Carolina 5,Virginia Foxx official photo (cropped).jpg,Republican,North Carolina Senate,University of North Carolina at Chapel Hill (BA),2005,Banner Elk,1943"
"North Carolina 6,Walker Official Photo 2017 (cropped).jpg,Republican,Southern Baptist pastor,Trinity Baptist College,2015,Greensboro,1969"
"North Carolina 7,David Rouzer official photo (cropped).jpg,Republican,North Carolina Senate,North Carolina State University (BS),2015,McGee Crossroads,1972"
"North Carolina 8,Richard Hudson official photo (cropped).jpg,Republican,Businessman,University of North Carolina at Charlotte (BA),2013,Concord,1971"
"North Carolina 9,Representative Dan Bishop of NC (cropped 2).jpg,Republican,North Carolina Senate,""University of North Carolina at Chapel Hill (BS, JD)"",2019 (special),Charlotte,1964"
"North Carolina 10,""Patrick McHenry, official portrait, 116th Congress (cropped).jpg"",Republican,North Carolina House of Representatives,North Carolina State University,2005,Cherryville,1975"
"North Carolina 11,Vacant,,,,,,"
"North Carolina 12,Alma Adams official portrait (cropped).jpg,Democratic,North Carolina House of Representatives,""North Carolina A&T State University (BS, MS)"",2014 (special),Charlotte,1946"
"North Carolina 13,Ted Budd official congressional photo (cropped).jpg,Republican,Businessman,Appalachian State University (BS),2017,Advance,1971"
"North Dakota at-large,Kelly Armstrong (cropped 2).jpg,Republican,""North Dakota Senate, Chair of the North Dakota Republican Party"",""University of North Dakota (BA, JD)"",2019,Dickinson,1976"
"Ohio 1,SteveChabot (cropped).jpg,Republican,Cincinnati City Council,College of William & Mary (BA),2011,Cincinnati,1953"
"Ohio 2,Brad Wenstrup official (cropped).jpg,Republican,Physician,University of Cincinnati (BA),2013,Cincinnati,1958"
"Ohio 3,Joyce Beatty congressional portrait 114th Congress (cropped).jpg,Democratic,Ohio House of Representatives,Central State University (BA),2013,Columbus,1950"
"Ohio 4,""Jim Jordan official photo, 114th Congress (cropped).jpg"",Republican,Ohio Senate,University of Wisconsin–Madison (BS),2007,Lima,1964"
"Ohio 5,Bob Latta Official Portrait Congress (cropped).jpg,Republican,""Wood County, Ohio Commissioner"",Bowling Green State University (BA),2007,Bowling Green,1956"
"Ohio 6,""Bill Johnson, Official Portrait, 112th Congress (cropped).jpg"",Republican,United States Air Force,Troy University (BS),2011,Marietta,1954"
"Ohio 7,""Bob Gibbs, Official Portrait, 112th Congress (cropped).jpg"",Republican,Ohio Senate,""Ohio State University, Wooster"",2011,""Washington Township, Holmes County"",1954"
"Ohio 8,Warren Davidson Congressional Portrait ca2017 (cropped).jpg,Republican,Businessman,United States Military Academy (BS),2016 (special),Troy,1970"
"Ohio 9,Marcy Kaptur Wikipedia (cropped).jpg,Democratic,""Domestic Policy Advisor, Carter Adm."",University of Wisconsin–Madison (BA),1983,Toledo,1946"
"Ohio 10,Congressman Mike Turner (cropped).jpg,Republican,""Mayor of Dayton, Ohio"",Ohio Northern University (BA),2003,Dayton,1960"
"Ohio 11,Marcia Fudge 116th Congress photo (cropped).jpg,Democratic,""Mayor of Warrensville Heights, Ohio"",Ohio State University (BS),2008 (special),Cleveland,1952"
"Ohio 12,""Troy Balderson, official portrait, 116th Congress (cropped).jpg"",Republican,Ohio Senate,Muskingum University,2018 (special),Zanesville,1962"
"Ohio 13,Rep. Tim Ryan Congressional Head Shot 2010 (cropped 3).jpg,Democratic,Ohio Senate,Youngstown State University,2003,Niles,1973"
"Ohio 14,David Joyce (cropped).jpg,Republican,""Geauga County, Ohio Prosecutor"",""University of Dayton (BS, JD)"",2013,Richmond Heights,1957"
"Ohio 15,""Steve Stivers, Official Portrait, 112th Congress (cropped).jpg"",Republican,Ohio Senate,""Ohio State University (BA, MBA)"",2011,Columbus,1965"
"Ohio 16,""Anthony Gonzalez, official portrait, 116th Congress (cropped 2).jpg"",Republican,Football player,Ohio State University (BA),2019,Rocky River,1984"
"Oklahoma 1,""Rep. Kevin Hern official photo, 116th congress (cropped).jpg"",Republican,Businessman,Arkansas Tech University (BS),2018 (special),Tulsa,1961"
"Oklahoma 2,Markwayne Mullin official photo (cropped).jpg,Republican,Businessman,Missouri Valley College,2013,Westville,1977"
"Oklahoma 3,Frank Lucas (cropped).jpg,Republican,Oklahoma House of Representatives,Oklahoma State University–Stillwater (BS),1994 (special),Enid,1960"
"Oklahoma 4,Tom Cole official congressional photo (cropped).jpg,Republican,Oklahoma Senate,Grinnell College (BA),2003,Moore,1949"
"Oklahoma 5,""Kendra Horn official portrait, 116th Congress (cropped).jpg"",Democratic,Lawyer,University of Tulsa (BA),2019,Oklahoma City,1976"
"Oregon 1,Suzanne Bonamici (cropped).jpg,Democratic,Oregon House of Representatives,Lane Community College,2012 (special),Beaverton,1954"
"Oregon 2,Greg Walden official photo (cropped 2).jpg,Republican,Oregon House of Representatives,University of Oregon (BS),1999,Hood River,1957"
"Oregon 3,Earlblumenauer.jpeg,Democratic,Oregon House of Representatives,""Lewis & Clark College (BA, JD)"",1996 (special),Portland,1948"
"Oregon 4,Peter DeFazio official photo (cropped).jpg,Democratic,""Lane County, Oregon Commissioner"",Tufts University (BA),1987,Springfield,1947"
"Oregon 5,Kurt Schrader official photo (cropped).jpg,Democratic,Veterinarian,Cornell University (BA),2009,Canby,1951"
"Pennsylvania 1,Brian Fitzpatrick official congressional photo (cropped).jpg,Republican,FBI agent,La Salle University (BS),2017,Levittown,1973"
"Pennsylvania 2,Brendan Boyle House Portrait (cropped).jpg,Democratic,Pennsylvania House of Representatives,University of Notre Dame (BA),2015,Philadelphia,1977"
"Pennsylvania 3,Dwight Evans official portrait (cropped).jpg,Democratic,Pennsylvania House of Representatives,Community College of Philadelphia (AA),2016 (special),Philadelphia,1954"
"Pennsylvania 4,""Madeleine Dean, official portrait, 116th Congress (cropped).jpg"",Democratic,Pennsylvania House of Representatives,La Salle University (BA),2019,""Abington Township, Montgomery County"",1959"
"Pennsylvania 5,""Mary Gay Scanlon, official portrait, 116th Congress (cropped).jpg"",Democratic,Attorney,Colgate University (BA),2018 (special),Swarthmore,1959"
"Pennsylvania 6,""Chrissy Houlahan, official portrait, 116th Congress (cropped).jpg"",Democratic,Entrepreneur,Stanford University (BS),2019,Devon,1967"
"Pennsylvania 7,""Susan Wild, Official Portrait, 115th Congress (cropped).jpg"",Democratic,""Solicitor of Allentown, Pennsylvania"",American University (BA),2018 (special),South Whitehall Township,1957"
"Pennsylvania 8,""Matt Cartwright, official portrait, 113th Congress (cropped).jpg"",Democratic,Attorney,""Hamilton College, New York (BA)"",2013,Moosic,1961"
"Pennsylvania 9,""Rep. Dan Meuser official photo, 116th congress (cropped).jpg"",Republican,Secretary of Revenue of Pennsylvania,State University of New York Maritime College,2019,Dallas,1964"
"Pennsylvania 10,""Scott Perry, official portrait, 116th congress (cropped).jpg"",Republican,Pennsylvania House of Representatives,Pennsylvania State University (BS),2013,Harrisburg,1962"
"Pennsylvania 11,Lloyd Smucker official congressional photo (cropped).jpg,Republican,Pennsylvania Senate,Lebanon Valley College,2017,West Lampeter Township,1964"
"Pennsylvania 12,""Fred Keller, official portrait, 116th Congress (cropped).jpg"",Republican,Pennsylvania House of Representatives,–,2019 (special),""Middlecreek Township, Snyder County"",1965"
"Pennsylvania 13,""John Joyce, official portrait, 116th Congress (cropped).jpg"",Republican,Dermatologist,""Pennsylvania State University, Altoona"",2019,Altoona,1957"
"Pennsylvania 14,""Guy Reschenthaler, official portrait, 116th Congress (cropped).jpg"",Republican,Pennsylvania Senate,""Pennsylvania State University, Behrend (BA)"",2019,Jefferson Hills,1983"
"Pennsylvania 15,Glennthompson (cropped).jpg,Republican,Chair of the Centre County Republican Committee,Pennsylvania State University (BS),2009,Oil City,1959"
"Pennsylvania 16,""Mike Kelly, Official Portrait, 112th Congress (cropped).jpg"",Republican,""Butler, Pennsylvania City Council"",University of Notre Dame (BA),2011,Butler,1948"
"Pennsylvania 17,""Conor Lamb, Official Portrait, 115th Congress (cropped).jpg"",Democratic,Assistant U.S. Attorney for the Western District of Pennsylvania,""University of Pennsylvania (BA, JD)"",2018 (special),Mt. Lebanon,1984"
"Pennsylvania 18,Michael F. Doyle 113th Congress.jpg,Democratic,Pennsylvania State Senate Chief of Staff,Pennsylvania State University (BS),1995,Pittsburgh,1953"
"Rhode Island 1,David Cicilline official photo (cropped).jpg,Democratic,""Mayor of Providence, Rhode Island"",Brown University (BA),2011,Providence,1961"
"Rhode Island 2,James Langevin official portrait (cropped).jpg,Democratic,Secretary of State of Rhode Island,Rhode Island College (BA),2001,Warwick,1964"
"South Carolina 1,""Joe Cunningham, Official Porrtait, 116th Congress (cropped).jpg"",Democratic,Attorney,College of Charleston,2019,Charleston,1982"
"South Carolina 2,Joe Wilson official congressional photo (cropped).jpg,Republican,South Carolina Senate,Washington and Lee University (BA),2001 (special),West Columbia,1947"
"South Carolina 3,""Jeff Duncan, Official Portrait, 112th Congress (cropped).jpg"",Republican,South Carolina House of Representatives,Clemson University (BA),2011,Laurens,1966"
"South Carolina 4,""William Timmons, official portrait, 116th Congress (cropped).jpg"",Republican,Attorney,George Washington University (BA),2019,Greenville,1984"
"South Carolina 5,Ralph Norman official photo (cropped).jpg,Republican,""Real estate developer, South Carolina House of Representatives"",Presbyterian College (BS),2017 (special),Rock Hill,1953"
"South Carolina 6,Jim Clyburn official portrait 116th Congress (cropped).jpg,Democratic,Political aide,South Carolina State University (BA),1993,Columbia,1940"
"South Carolina 7,""Tom Rice, Official Portrait, 113th Congress (cropped).jpg"",Republican,Attorney,""University of South Carolina (BS, MA, JD)"",2013,Myrtle Beach,1957"
"South Dakota at-large,""Dusty Johnson, official portrait, 116th congress (cropped).jpg"",Republican,Chief of Staff to the Governor of South Dakota,University of South Dakota (BA),2019,Mitchell,1976"
"Tennessee 1,Phil Roe official photo (cropped).jpg,Republican,""OB/GYN, Mayor of Johnson City, Tennessee"",Austin Peay State University (BS),2009,Johnson City,1945"
"Tennessee 2,""Rep. Tim Burchett official photo, 116th congress (cropped).jpg"",Republican,""Mayor of Knox County, Tennessee"",""University of Tennessee,"",2019,Knoxville,1964"
"Tennessee 3,Chuck Fleischmann official photo (cropped).jpg,Republican,Attorney,University of Illinois at Urbana–Champaign (BA),2011,Ooltewah,1962"
"Tennessee 4,""Scott DesJarlais, Official Portrait, 112th Congress (cropped).jpg"",Republican,Physician,""University of South Dakota (BS, MD)"",2011,South Pittsburg,1964"
"Tennessee 5,""Jim Cooper, Official Portrait, ca2013 (cropped).jpg"",Democratic,U.S. House,University of North Carolina at Chapel Hill (BA),2003,Nashville,1954"
"Tennessee 6,""John Rose, official portrait, 116th Congress (cropped).jpg"",Republican,Commissioner of Agriculture of Tennessee,Tennessee Technological University (BS),2019,Cookeville,1965"
"Tennessee 7,""Mark Green, official portrait, 116th Congress (cropped 2).jpg"",Republican,Tennessee Senate,United States Military Academy (BS),2019,Clarksville,1964"
"Tennessee 8,Kustoff Official Headshot (cropped).jpg,Republican,Attorney for the United States District Court for the Western District of Tennessee,""University of Memphis (BA, JD)"",2017,Memphis,1966"
"Tennessee 9,Stevecohen.jpeg,Democratic,""Tennessee Senate, Attorney"",Vanderbilt University (BA),2007,Memphis,1949"
"Texas 1,Louie Gohmert official congressional photo (cropped).jpg,Republican,Texas appeals court judge,Texas A&M University (BA),2005,Tyler,1953"
"Texas 2,""Dan Crenshaw, official portrait, 116th Congress (cropped).jpg"",Republican,U.S. Navy SEAL,Tufts University (BA),2019,Spring,1984"
"Texas 3,""Van Taylor, official portrait, 116th Congress (cropped).jpg"",Republican,Texas Senate,""Harvard University (BA, MBA)"",2019,Plano,1972"
"Texas 4,Vacant,,,,,,"
"Texas 5,""Lance Gooden, official portrait, 116th Congress (cropped).jpg"",Republican,Texas House of Representatives,""University of Texas, Austin (BA, BBA)"",2019,Kaufman,1982"
"Texas 6,""Ron Wright, official portrait, 116th Congress (cropped 2).jpg"",Republican,Tarrant County Tax Assessor,""University of Texas, Arlington"",2019,Arlington,1953"
"Texas 7,""Lizzie Fletcher, official portrait, 116th Congress (cropped 2).jpg"",Democratic,Attorney,Kenyon College (BA),2019,Houston,1975"
"Texas 8,Kevin Brady official photo (cropped).jpg,Republican,Texas House of Representatives,University of South Dakota (BA),1997,The Woodlands,1955"
"Texas 9,Al Green Official (cropped 2).jpg,Democratic,""Harris County, Texas Justice of the Peace, Houston NAACP president"",Florida A&M University,2005,Houston,1947"
"Texas 10,Michael McCaul official photo (cropped 2).jpg,Republican,Attorney,Trinity University (BA),2005,West Lake Hills,1962"
"Texas 11,Mike Conaway official congressional photo (cropped).jpg,Republican,Oil exploration executive,Texas A&M University–Commerce (BA),2005,Midland,1948"
"Texas 12,Kay Granger (cropped).jpg,Republican,Mayor of Fort Worth,Texas Wesleyan University (BA),1997,Fort Worth,1943"
"Texas 13,""Mac Thornberry, Official Portrait, 111th Congress (cropped).jpg"",Republican,Rancher,Texas Tech University (BA),1995,Clarendon,1958"
"Texas 14,Randy Weber official congressional photo (cropped).jpg,Republican,Texas House of Representatives,Alvin Community College,2013,Alvin,1953"
"Texas 15,Vicente Gonzalez 115th congress photo (cropped).jpg,Democratic,""Food processing executive, Texas State Board of Education"",Embry–Riddle Aeronautical University (BA),2017,McAllen,1967"
"Texas 16,""Veronica Escobar official portrait, 116th Congress (cropped).jpg"",Democratic,""El Paso County, Texas Commission"",""University of Texas, El Paso (BA)"",2019,El Paso,1969"
"Texas 17,""Bill Flores, Official Portrait, 112th Congress (cropped).jpg"",Republican,Businessman,Texas A&M University (BA),2011,Bryan,1954"
"Texas 18,SheilaJackson.JPG,Democratic,Houston City Council,Yale University (BA),1995,Houston,1950"
"Texas 19,Jodey Arrington 115th congress photo (cropped).jpg,Republican,Educator,""Texas Tech University (BA, MPA)"",2017,Lubbock,1972"
"Texas 20,""Joaquin Castro, official portrait, 113th Congress (cropped).jpg"",Democratic,Texas House of Representatives,Stanford University (BA),2013,San Antonio,1974"
"Texas 21,""Chip Roy, official portrait, 116th Congress (cropped 2).jpg"",Republican,First Assistant Attorney General of Texas,""University of Virginia (BS, MS)"",2019,Austin,1972"
"Texas 22,Pete Olson official congressional photo (cropped).jpg,Republican,Congressional aide,Rice University (BA),2009,Sugar Land,1962"
"Texas 23,Willhurd (cropped).jpg,Republican,Corporate adviser,Texas A&M University (BS),2015,Helotes,1977"
"Texas 24,Kenny Marchant Official (cropped).jpg,Republican,""Mayor of Carrollton, Texas"",Southern Nazarene University (BA),2005,Coppell,1951"
"Texas 25,Roger Williams official congressional photo (cropped).jpg,Republican,Secretary of State of Texas,Texas Christian University (BA),2013,Weatherford,1949"
"Texas 26,Michael Burgess official photo (cropped).jpg,Republican,Physician,""University of North Texas (BS, MS)"",2003,Lewisville,1950"
"Texas 27,""Michael Cloud, Official Portrait, 115th Congress (cropped).jpg"",Republican,Chair of the Victoria County Republican Party,Oral Roberts University (BS),2018 (special),Victoria,1975"
"Texas 28,""Henry Cuellar, official portrait, 115th congress (cropped).jpg"",Democratic,Texas House of Representatives,Laredo Community College,2005,Laredo,1955"
"Texas 29,""Sylvia Garcia, official portrait, 116th Congress (cropped).jpg"",Democratic,Texas Senate,Texas Woman's University (BA),2019,Houston,1950"
"Texas 30,Eddie Bernice Johnson official portrait 116th Congress (cropped).jpg,Democratic,Texas Senate,""St Mary's College, Indiana"",1993,Dallas,1935"
"Texas 31,Rep. John Carter (cropped).jpg,Republican,Texas state district judge,Texas Tech University (BA),2003,Round Rock,1941"
"Texas 32,""Colin Allred, official portrait, 116th Congress (cropped).jpg"",Democratic,Attorney,Baylor University (BA),2019,Dallas,1983"
"Texas 33,Marc Veasey official photo (cropped).jpg,Democratic,Texas House of Representatives,Texas Wesleyan University (BA),2013,Fort Worth,1971"
"Texas 34,""Filemon Vela, Official Portrait, 113th Congress (cropped).jpg"",Democratic,Attorney,Georgetown University (BA),2013,Brownsville,1963"
"Texas 35,Lloyd Doggett 113th Congress.jpg,Democratic,Texas Senate,""University of Texas at Austin (BA, JD)"",1995,Austin,1946"
"Texas 36,Brian Babin 115th Congress (cropped).jpg,Republican,Lower Neches Valley Authority,Lamar University (BS),2015,Woodville,1948"
"Utah 1,Rob Bishop official portrait (cropped) (cropped).jpg,Republican,Utah House of Representatives,University of Utah (BA),2003,Brigham City,1951"
"Utah 2,Chris Stewart official photo (cropped).jpg,Republican,Author,Utah State University (BA),2013,Farmington,1960"
"Utah 3,John Curtis portrait 115th Congress (cropped2).jpg,Republican,""Mayor of Provo, Utah"",Brigham Young University (BS),2017 (special),Provo,1960"
"Utah 4,""Ben McAdams, official portrait, 116th Congress (cropped).jpg"",Democratic,Mayor of Salt Lake County,University of Utah (BA),2019,Salt Lake City,1974"
"Vermont at-large,Peter Welch official photo (cropped).jpg,Democratic,Vermont Senate President Pro Tempore,College of the Holy Cross (BA),2007,Norwich,1947"
"Virginia 1,Rob Wittman 2019 Portrait.jpg,Republican,""Mayor of Montross, Virginia"",Virginia Tech (BS),2007 (special),Montross,1959"
"Virginia 2,""Elaine Luria, Official Portrait, 116th Congress (cropped).jpg"",Democratic,U.S. Navy Commander,United States Naval Academy (BS),2019,Norfolk,1975"
"Virginia 3,Bobby Scott (cropped).jpg,Democratic,Virginia Senate,Harvard University (BA),1993,Newport News,1947"
"Virginia 4,Donald McEachin portrait 116th Congress (cropped).jpg,Democratic,Virginia Senate,American University (BA),2017,Henrico County,1961"
"Virginia 5,""Denver Riggleman, official 116th Congress photo portrait (cropped 2).jpg"",Republican,Businessman,""Rowan College, Burlington"",2019,Nellysford,1970"
"Virginia 6,""Ben Cline, official portrait, 116th Congress (cropped).jpg"",Republican,Virginia House of Delegates,Bates College (BA),2019,Rockbridge County,1972"
"Virginia 7,""Abigail Spanberger, official 116th Congress photo portrait (cropped 2).jpg"",Democratic,CIA operations officer,University of Virginia (BA),2019,Glen Allen,1979"
"Virginia 8,""Don Beyer, official 114th Congress photo portrait (cropped).jpeg"",Democratic,U.S. Ambassador to Switzerland and Liechtenstein,Williams College (BA),2015,Alexandria,1950"
"Virginia 9,Morgan Griffith 116th Congress (cropped).jpg,Republican,Virginia House of Delegates,Emory and Henry College (BA),2011,Salem,1958"
"Virginia 10,""Jennifer Wexton, official portrait, 116th Congress (cropped).jpg"",Democratic,Virginia Senate,""University of Maryland, College Park (BA)"",2019,Leesburg,1968"
"Virginia 11,Gerry Connolly official photo (cropped).jpg,Democratic,Fairfax County Board of Supervisors Chair,""Maryknoll College (Glen Ellyn, Illinois)[2] (BA)"",2009,Fairfax,1950"
"Washington 1,""Suzan DelBene, official portrait, 115th Congress (cropped).jpg"",Democratic,Washington Department of Revenue Director,Reed College (BS),2012 (special),Medina,1962"
"Washington 2,Rick Larsen 116th Congress official photo (cropped).jpg,Democratic,""Snohomish County, Washington Council"",Pacific Lutheran University (BA),2001,Lake Stevens,1965"
"Washington 3,""Jaime Herrera Beutler, official portrait, 112th Congress (cropped).jpg"",Republican,Washington House of Representatives,Bellevue College,2011,Camas,1978"
"Washington 4,Dan Newhouse official congressional photo (cropped).jpg,Republican,Washington House of Representatives,Washington State University (BS),2015,Sunnyside,1955"
"Washington 5,Cathy McMorris Rodgers official photo (cropped).jpg,Republican,Washington House of Representatives,Pensacola Christian College (BA),2005,Colville,1969"
"Washington 6,Derek Kilmer 113th Congress (cropped).jpg,Democratic,Washington State Senate,Princeton University (BA),2013,Artondale,1974"
"Washington 7,Pramila Jayapal 115th Congress photo (cropped).jpg,Democratic,Washington State Senate,Georgetown University (BA),2017,Seattle,1965"
"Washington 8,""Kim Schrier, official portrait, 116th Congress (cropped).jpg"",Democratic,Pediatrician,""University of California, Berkeley (BS)"",2019,Sammamish,1968"
"Washington 9,Adam Smith official photo (cropped).jpg,Democratic,Washington State Senate,Western Washington University,1997,Bellevue,1965"
"Washington 10,Denny Heck official photo (cropped).jpg,Democratic,Washington House of Representatives,Evergreen State College (BA),2013,Olympia,1952"
"West Virginia 1,David McKinley Official (cropped).jpg,Republican,West Virginia House of Delegates,Purdue University (BS),2011,Wheeling,1947"
"West Virginia 2,Alex Mooney.jpg,Republican,Maryland Senate,Dartmouth College (BA),2015,Charles Town,1971"
"West Virginia 3,""Carol Miller, Official Portrait, 116th Congress (cropped).jpg"",Republican,West Virginia House of Delegates,""Columbia College, South Carolina (BA)"",2019,Crab Orchard,1950"
"Wisconsin 1,Bryan Steil (cropped).jpg,Republican,Congressional aide,Georgetown University (BS),2019,Janesville,1981"
"Wisconsin 2,Mark Pocan official photo (cropped 2).jpg,Democratic,Wisconsin State Assembly,University of Wisconsin–Madison (BA),2013,Madison,1964"
"Wisconsin 3,""Ron Kind, Official Portrait, 115th Congress (cropped).jpg"",Democratic,County Prosecutor,Harvard University (BA),1997,La Crosse,1963"
"Wisconsin 4,""Gwen Moore, official portrait, 116th Congress (cropped).jpg"",Democratic,Wisconsin State Senate,Marquette University (BA),2005,Milwaukee,1951"
"Wisconsin 5,Jim Sensenbrenner (cropped).jpg,Republican,Wisconsin State Senate,Stanford University (BA),1979,Menomonee Falls,1943"
"Wisconsin 6,Glenn Grothman official congressional photo (cropped).jpg,Republican,Wisconsin Senate,""University of Wisconsin–Madison (BA, JD)"",2015,Campbellsport,1955"
"Wisconsin 7,Tom Tiffany.jpg,Republican,Wisconsin Senate,University of Wisconsin–River Falls (BS),2020 (special),Minocqua,1957"
"Wisconsin 8,""Mike Gallagher official portrait, 115th congress (cropped).jpg"",Republican,Political advisor,Princeton University (BA),2017,Green Bay,1984"
"Wyoming at-large,Liz Cheney official 116th Congress portrait (cropped).jpg,Republican,Principal Deputy Assistant Secretary of State for Near Eastern Affairs,Colorado College (BA),2017,Jackson,1966"
",,,,,,,"
",,,,,,,"
",,,,,,,"
",,,,,,,"
",,,,,,,"
",,,,,,,"
",,,,,,,"
",,,,,,,"
",,,,,,,"
",,,,,,,"
",,,,,,,"
",,,,,,,"
",,,,,,,"
",,,,,,,"
",,,,,,,"
",,,,,,,"
",,,,,,,"
",,,,,,,"
",,,,,,,"
",,,,,,,"
",,,,,,,"
",,,,,,,"
",,,,,,,"
",,,,,,,"
",,,,,,,"
",,,,,,,"
",,,,,,,"
",,,,,,,"
",,,,,,,"
",,,,,,,"
",,,,,,,"
",,,,,,,"
",,,,,,,"
",,,,,,,"
",,,,,,,"
",,,,,,,"
",,,,,,,"
",,,,,,,"
",,,,,,,"
",,,,,,,"
",,,,,,,"
",,,,,,,"
",,,,,,,"
",,,,,,,"
",,,,,,,"
",,,,,,,"
",,,,,,,"
",,,,,,,"
",,,,,,,"
",,,,,,,"
",,,,,,,"
",,,,,,,"
",,,,,,,"
",,,,,,,"
",,,,,,,"
",,,,,,,"
",,,,,,,"
",,,,,,,"
",,,,,,,"
",,,,,,,"
",,,,,,,"
",,,,,,,"
",,,,,,,"
",,,,,,,"
",,,,,,,"
",,,,,,,"
",,,,,,,"
",,,,,,,"
",,,,,,,"
",,,,,,,"
",,,,,,,"
",,,,,,,"
",,,,,,,"
",,,,,,,"
",,,,,,,"
",,,,,,,"
",,,,,,,"
",,,,,,,"
",,,,,,,"
",,,,,,,"
",,,,,,,"
",,,,,,,"
",,,,,,,"
",,,,,,,"
",,,,,,,"
",,,,,,,"
",,,,,,,"
",,,,,,,"
",,,,,,,"
",,,,,,,"
",,,,,,,"
",,,,,,,"
",,,,,,,"
",,,,,,,"
",,,,,,,"
",,,,,,,"
",,,,,,,"
",,,,,,,"
",,,,,,,"
",,,,,,,"
",,,,,,,"
",,,,,,,"
",,,,,,,"
",,,,,,,"
",,,,,,,"
",,,,,,,"
",,,,,,,"
",,,,,,,"
",,,,,,,"
",,,,,,,"
",,,,,,,"
",,,,,,,"
",,,,,,,"
",,,,,,,"
",,,,,,,"
",,,,,,,"
",,,,,,,"
",,,,,,,"
",,,,,,,"
",,,,,,,"
",,,,,,,"
",,,,,,,"
",,,,,,,"
",,,,,,,"
",,,,,,,"
",,,,,,,"
",,,,,,,"
",,,,,,,"
",,,,,,,"
",,,,,,,"
",,,,,,,"
",,,,,,,"
",,,,,,,"
",,,,,,,"
",,,,,,,"
",,,,,,,"
",,,,,,,"
",,,,,,,"
",,,,,,,"
",,,,,,,"
",,,,,,,"
",,,,,,,"
",,,,,,,"
",,,,,,,"
",,,,,,,"
",,,,,,,"
",,,,,,,"
",,,,,,,"
",,,,,,,"
",,,,,,,"
",,,,,,,"
",,,,,,,"
",,,,,,,"
",,,,,,,"
",,,,,,,"
",,,,,,,"
",,,,,,,"
",,,,,,,"
",,,,,,,"
",,,,,,,"
",,,,,,,"
",,,,,,,"
",,,,,,,"
",,,,,,,"
",,,,,,,"
",,,,,,,"
",,,,,,,"
",,,,,,,"
",,,,,,,"
",,,,,,,"
",,,,,,,"
",,,,,,,"
",,,,,,,"
",,,,,,,"
",,,,,,,"
",,,,,,,"
",,,,,,,"
",,,,,,,"
",,,,,,,"
",,,,,,,"
",,,,,,,"
",,,,,,,"
",,,,,,,"
",,,,,,,"
",,,,,,,"
",,,,,,,"
",,,,,,,"
",,,,,,,"
",,,,,,,"
",,,,,,,"
",,,,,,,"
",,,,,,,"
",,,,,,,"
",,,,,,,"
",,,,,,,"
",,,,,,,"
",,,,,,,"
",,,,,,,"
",,,,,,,"
",,,,,,,"
",,,,,,,"
",,,,,,,"
",,,,,,,"
",,,,,,,"
",,,,,,,"
",,,,,,,"
",,,,,,,"
",,,,,,,"
",,,,,,,"
",,,,,,,"
",,,,,,,"
",,,,,,,"
",,,,,,,"
",,,,,,,"
",,,,,,,"
",,,,,,,"
",,,,,,,"
",,,,,,,"
",,,,,,,"
",,,,,,,"
",,,,,,,"
",,,,,,,"
",,,,,,,"
",,,,,,,"
",,,,,,,"
",,,,,,,"
",,,,,,,"
",,,,,,,"
",,,,,,,"
",,,,,,,"
",,,,,,,"
",,,,,,,"
",,,,,,,"
",,,,,,,"
",,,,,,,"
",,,,,,,"
",,,,,,,"
",,,,,,,"
",,,,,,,"
",,,,,,,"
",,,,,,,"
",,,,,,,"
",,,,,,,"
",,,,,,,"
",,,,,,,"
",,,,,,,"
",,,,,,,"
",,,,,,,"
",,,,,,,"
",,,,,,,"
",,,,,,,"
",,,,,,,"
",,,,,,,"
",,,,,,,"
",,,,,,,"
",,,,,,,"
",,,,,,,"
",,,,,,,"
",,,,,,,"
",,,,,,,"
",,,,,,,"
",,,,,,,"
",,,,,,,"
",,,,,,,"
",,,,,,,"
",,,,,,,"
",,,,,,,"
",,,,,,,"
",,,,,,,"
",,,,,,,"
",,,,,,,"
",,,,,,,"
",,,,,,,"
",,,,,,,"
",,,,,,,"
",,,,,,,"
",,,,,,,"
",,,,,,,"
",,,,,,,"
",,,,,,,"
",,,,,,,"
",,,,,,,"
",,,,,,,"
",,,,,,,"
",,,,,,,"
",,,,,,,"
",,,,,,,"
",,,,,,,"
",,,,,,,"
",,,,,,,"
",,,,,,,"
",,,,,,,"
",,,,,,,"
",,,,,,,"
",,,,,,,"
",,,,,,,"
",,,,,,,"
",,,,,,,"
",,,,,,,"
",,,,,,,"
",,,,,,,"
",,,,,,,"
",,,,,,,"
",,,,,,,"
",,,,,,,"
",,,,,,,"
",,,,,,,"
",,,,,,,"
",,,,,,,"
",,,,,,,"
",,,,,,,"
",,,,,,,"
",,,,,,,"
",,,,,,,"
",,,,,,,"
",,,,,,,"
",,,,,,,"
",,,,,,,"
",,,,,,,"
",,,,,,,"
",,,,,,,"
",,,,,,,"
",,,,,,,"
",,,,,,,"
",,,,,,,"
",,,,,,,"
",,,,,,,"
",,,,,,,"
",,,,,,,"
",,,,,,,"
",,,,,,,"
",,,,,,,"
",,,,,,,"
",,,,,,,"
",,,,,,,"
",,,,,,,"
",,,,,,,"
",,,,,,,"
",,,,,,,"
",,,,,,,"
",,,,,,,"
",,,,,,,"
",,,,,,,"
",,,,,,,"
",,,,,,,"
",,,,,,,"
",,,,,,,"
",,,,,,,"
",,,,,,,"
",,,,,,,"
",,,,,,,"
",,,,,,,"
",,,,,,,"
",,,,,,,"
",,,,,,,"
",,,,,,,"
",,,,,,,"
",,,,,,,"
",,,,,,,"
",,,,,,,"
",,,,,,,"
",,,,,,,"
",,,,,,,"
",,,,,,,"
",,,,,,,"
",,,,,,,"
",,,,,,,"
",,,,,,,"
",,,,,,,"
",,,,,,,"
",,,,,,,"
",,,,,,,"
",,,,,,,"
",,,,,,,"
",,,,,,,"
",,,,,,,"
",,,,,,,"
",,,,,,,"
",,,,,,,"
",,,,,,,"
",,,,,,,"
",,,,,,,"
",,,,,,,"
",,,,,,,"
",,,,,,,"
",,,,,,,"
",,,,,,,"
",,,,,,,"
",,,,,,,"
",,,,,,,"
",,,,,,,"
",,,,,,,"
",,,,,,,"
",,,,,,,"
",,,,,,,"
",,,,,,,"
",,,,,,,"
",,,,,,,"
",,,,,,,"
",,,,,,,"
",,,,,,,"
",,,,,,,"
",,,,,,,"
",,,,,,,"
",,,,,,,"
",,,,,,,"
",,,,,,,"
",,,,,,,"
",,,,,,,"
",,,,,,,"
",,,,,,,"
",,,,,,,"
",,,,,,,"
",,,,,,,"
",,,,,,,"
",,,,,,,"
",,,,,,,"
",,,,,,,"
",,,,,,,"
",,,,,,,"
",,,,,,,"
",,,,,,,"
",,,,,,,"
",,,,,,,"
",,,,,,,"
",,,,,,,"
",,,,,,,"
",,,,,,,"
",,,,,,,"
",,,,,,,"
",,,,,,,"
",,,,,,,"
",,,,,,,"
",,,,,,,"
",,,,,,,"
",,,,,,,"
",,,,,,,"
",,,,,,,"
",,,,,,,"
",,,,,,,"
",,,,,,,"
",,,,,,,"
",,,,,,,"
",,,,,,,"
",,,,,,,"
",,,,,,,"
",,,,,,,"
",,,,,,,"
",,,,,,,"
",,,,,,,"
",,,,,,,"
",,,,,,,"
",,,,,,,"
",,,,,,,"
",,,,,,,"
",,,,,,,"
",,,,,,,"
",,,,,,,"
",,,,,,,"
",,,,,,,"
",,,,,,,"
",,,,,,,"
",,,,,,,"
",,,,,,,"
",,,,,,,"
",,,,,,,"
",,,,,,,"
",,,,,,,"
",,,,,,,"
",,,,,,,"
",,,,,,,"
",,,,,,,"
",,,,,,,"
",,,,,,,"
",,,,,,,"
",,,,,,,"
",,,,,,,"
",,,,,,,"
",,,,,,,"
",,,,,,,"
",,,,,,,"
",,,,,,,"
",,,,,,,"
",,,,,,,"
",,,,,,,"
",,,,,,,"
",,,,,,,"
",,,,,,,"
",,,,,,,"
",,,,,,,"
",,,,,,,"
",,,,,,,"
",,,,,,,"
",,,,,,,"
",,,,,,,"
",,,,,,,"
",,,,,,,"
",,,,,,,"
",,,,,,,"
",,,,,,,"
",,,,,,,"
",,,,,,,"
",,,,,,,"
",,,,,,,"
",,,,,,,"
",,,,,,,"
",,,,,,,"
",,,,,,,"
",,,,,,,"
",,,,,,,"
",,,,,,,"
",,,,,,,"
",,,,,,,"
",,,,,,,"
",,,,,,,"
",,,,,,,"
",,,,,,,"
",,,,,,,"
",,,,,,,"
",,,,,,,"
",,,,,,,"
",,,,,,,"
",,,,,,,"
",,,,,,,"
",,,,,,,"
",,,,,,,"
",,,,,,,"
",,,,,,,"
",,,,,,,"
",,,,,,,"
",,,,,,,"
",,,,,,,"
",,,,,,,"
",,,,,,,"
",,,,,,,"
",,,,,,,"
",,,,,,,"
",,,,,,,"
",,,,,,,"
",,,,,,,"
",,,,,,,"
",,,,,,,"
",,,,,,,"
",,,,,,,"
",,,,,,,"
",,,,,,,"
",,,,,,,"
",,,,,,,"
",,,,,,,"
",,,,,,,"
",,,,,,,"
",,,,,,,"
",,,,,,,"
",,,,,,,"
",,,,,,,"
",,,,,,,"
",,,,,,,"
",,,,,,,"
",,,,,,,"
",,,,,,,"
",,,,,,,"
",,,,,,,"
",,,,,,,"
",,,,,,,"
",,,,,,,"
",,,,,,,"
",,,,,,,"
",,,,,,,"
",,,,,,,"
",,,,,,,"
",,,,,,,"
",,,,,,,"
",,,,,,,"
",,,,,,,"
",,,,,,,"
",,,,,,,"
",,,,,,,"
",,,,,,,"
",,,,,,,"
",,,,,,,"
",,,,,,,"
",,,,,,,"
",,,,,,,"
",,,,,,,"
",,,,,,,"
",,,,,,,"
",,,,,,,"
",,,,,,,"
",,,,,,,"
",,,,,,,"
",,,,,,,"
",,,,,,,"
",,,,,,,"
",,,,,,,"
",,,,,,,"
",,,,,,,"
",,,,,,,"
",,,,,,,"
",,,,,,,"
",,,,,,,"
",,,,,,,"
",,,,,,,"
",,,,,,,"
",,,,,,,"
",,,,,,,"
",,,,,,,"
",,,,,,,"
",,,,,,,"
",,,,,,,"
",,,,,,,"
",,,,,,,"
",,,,,,,"
",,,,,,,"
",,,,,,,"
",,,,,,,"
",,,,,,,"
",,,,,,,"
",,,,,,,"
",,,,,,,"
",,,,,,,"
",,,,,,,"
",,,,,,,"
",,,,,,,"
",,,,,,,"
",,,,,,,"
",,,,,,,"
",,,,,,,"
",,,,,,,"
",,,,,,,"
",,,,,,,"
",,,,,,,"
",,,,,,,"
",,,,,,,"
",,,,,,,"
",,,,,,,"
",,,,,,,"
",,,,,,,"
",,,,,,,"
",,,,,,,"
",,,,,,,"
",,,,,,,"
",,,,,,,"
",,,,,,,"
",,,,,,,"
",,,,,,,"
",,,,,,,"
",,,,,,,"
",,,,,,,"
",,,,,,,"
",,,,,,,"
",,,,,,,"